factor,orig_mean,orig_sharpe,orig_tstat,orig_ar1,SB_mean_ci_lower,SB_mean_ci_upper,SB_mean_ci_width,SB_sharpe_ci_lower,SB_sharpe_ci_upper,SB_sharpe_ci_width,SB_tstat_ci_lower,SB_tstat_ci_upper,SB_tstat_ci_width,CBB_mean_ci_lower,CBB_mean_ci_upper,CBB_mean_ci_width,CBB_sharpe_ci_lower,CBB_sharpe_ci_upper,CBB_sharpe_ci_width,CBB_tstat_ci_lower,CBB_tstat_ci_upper,CBB_tstat_ci_width,MBB_mean_ci_lower,MBB_mean_ci_upper,MBB_mean_ci_width,MBB_sharpe_ci_lower,MBB_sharpe_ci_upper,MBB_sharpe_ci_width,MBB_tstat_ci_lower,MBB_tstat_ci_upper,MBB_tstat_ci_width
total_mv,0.018400488348499174,0.24883522567534966,3.8307696067821437,0.031123936191994883,0.00813497840438371,0.027814874075929693,0.01967989567154598,0.11115611831808424,0.387512334813237,0.27635621649515274,1.7112266902932278,5.96567656539309,4.254449875099862,0.009437666980028157,0.02738401578417149,0.017946348804143333,0.1282183638824115,0.39017309814559786,0.2619547342631864,1.9738966219875218,6.006638496232202,4.03274187424468,0.010476812896877172,0.028944103124386417,0.018467290227509245,0.14591472708796924,0.41517161763044125,0.26925689054247204,2.2463286706833667,6.3914858119495905,4.145157141266224
net_profit_to_total_mktcap_ttm,0.0009978017232225534,0.014111327048615157,0.21724111858553785,-0.016028877007966142,-0.006488177391670747,0.00959199090190658,0.016080168293577328,-0.08881445112834647,0.14863617757123074,0.23745062869957723,-1.3672810957617232,2.288224868335231,3.655505964096954,-0.006248009135601653,0.009009924635702408,0.01525793377130406,-0.08409367411449933,0.13543112664444337,0.2195248007589427,-1.2946056574030258,2.084935693303617,3.379541350706643,-0.007592178290771413,0.00683155334964756,0.014423731640418973,-0.10696104523753214,0.10028731626169533,0.20724836149922748,-1.6466443611169896,1.543903609460342,3.190547970577332
book_value_to_total_mktcap_mrq,0.006866059098510152,0.08683126233625535,1.3367502923811538,-0.05514767142419446,-0.003082266465418587,0.016751136482208894,0.01983340294762748,-0.041226361666004525,0.21763498869380227,0.2588613503598068,-0.6346717706052799,3.3504480637653664,3.9851198343706464,-0.0031199686385515865,0.01695473269437789,0.020074701332929476,-0.03801413198700782,0.21744474328987012,0.25545887527687794,-0.5852201232715595,3.3475192729993672,3.932739396270927,-0.003229025267333055,0.01587885957363075,0.019107884840963804,-0.04374571145139977,0.20782964430220766,0.25157535575360745,-0.6734566675608934,3.1994967055828285,3.872953373143722
net_cash_flow_to_total_mktcap_ttm,0.002645627001928618,0.053404769064293534,0.8221559694109715,-0.0012106925431615784,-0.002824112836647992,0.008534656896873962,0.011358769733521954,-0.05916204479584167,0.17151107151945955,0.2306731163153012,-0.9107881027048864,2.6403793844710077,3.5511674871758943,-0.0027334440315452267,0.008520273390895004,0.01125371742244023,-0.05883325801190002,0.1678324480509337,0.2266657060628337,-0.9057264945036482,2.583747696012197,3.4894741905158453,-0.0039038964631601357,0.00742226123691135,0.011326157700071487,-0.08238972857107961,0.140125442032025,0.2225151706031046,-1.2683737491929703,2.157203760104011,3.425577509296981
net_profit_to_book_value_ttm,0.002401338548915185,0.033822410187346684,0.5206893864088536,0.024280001605560323,-0.005285323987980264,0.010481001061079681,0.015766325049059945,-0.07436172595035956,0.1711161402512227,0.24547786620158227,-1.1447842197798597,2.634299494877308,3.7790837146571676,-0.005729611850223975,0.009737653221847956,0.015467265072071931,-0.07605669604115706,0.15849928584706077,0.23455598188821783,-1.1708779526531268,2.4400654902122407,3.6109434428653673,-0.0068907759966551855,0.008762765543326662,0.015653541539981847,-0.09619658620106442,0.13637831817182505,0.23257490437288947,-1.480927620657775,2.0995175215196475,3.580445142177423
total_vol_21,0.005284280167224099,0.073435268470844,1.1305215881734543,-0.05046138206157756,-0.003170036244337148,0.014530512186526581,0.01770054843086373,-0.04391853193640727,0.20112491661809345,0.24504344855450072,-0.6761172051097845,3.0962787348781293,3.7723959399879137,-0.004018948410134687,0.014484232779641195,0.018503181189775883,-0.055682177514047665,0.20633145629426156,0.2620136338083092,-0.8572162268478717,3.1764323943684136,4.033648621216285,-0.005297144484683117,0.013382075167832823,0.01867921965251594,-0.07583105525740504,0.19181564389399527,0.2676466991514003,-1.1674042569410277,2.9529643029445705,4.120368559885598
max_plus_21,0.007304645142438129,0.10393265165089963,1.6000228344518643,0.012784165764667428,-0.00023036115819573011,0.015740729771073828,0.015971090929269557,-0.0034291111925838207,0.2345256855435393,0.23795479673612313,-0.05279049579565966,3.610477036567481,3.6632675323631405,-0.0012795973965309116,0.01626392683576956,0.017543524232300472,-0.018467994677506004,0.23886940356713895,0.25733739824464497,-0.28431116421236163,3.677347725554847,3.9616588897672087,-0.0026457812431520678,0.013790583365557222,0.01643636460870929,-0.037947509812466605,0.202572404085443,0.2405199138979096,-0.5841944879312353,3.118562521191225,3.70275700912246
momentum_21,0.010067773350784227,0.14297140847233525,2.2010168565491517,-0.023243208767951617,0.002252311279947478,0.01736585109668388,0.015113539816736403,0.028900739537692906,0.26876113918391065,0.23986039964621775,0.4449212298381132,4.137525146110621,3.6926039162725073,0.002605691592625265,0.018153237091916297,0.015547545499291032,0.03474510459540893,0.28248703011726867,0.24774192552185975,0.5348940862665991,4.348832551124554,3.8139384648579546,0.0019614753918628753,0.018359033856783388,0.01639755846492051,0.025756154680126996,0.27377081327460906,0.24801465859448207,0.39651096129346897,4.214648098435584,3.8181371371421147
turnover_252,0.006468103543703294,0.08296680370806239,1.2772577080038,0.008698424694448342,-0.0017371423075248807,0.014716857366202457,0.016453999673727338,-0.021550227839516108,0.20188827060062678,0.22343849844014288,-0.33176154060500757,3.108030420064855,3.439791960669863,-0.0017893918503383746,0.014769785906344429,0.016559177756682805,-0.02437072685313755,0.19327537545295254,0.21764610230609008,-0.3751825709997824,2.9754365846520248,3.350619155651807,-0.002862469894062392,0.01447921090742774,0.017341680801490133,-0.03778083779570656,0.18497404854980062,0.2227548863455072,-0.5816286048478713,2.8476392813954248,3.429267886243296
abnormal_turnover_21,0.010704964462552369,0.16342379637433552,2.515877366143244,0.0034920359985964114,0.004400567910176309,0.016576653015102513,0.012176085104926205,0.060934098794068026,0.2933766495051813,0.23244255071111325,0.9380685272491144,4.516476110702677,3.5784075834535627,0.004215341430554376,0.01713671012515576,0.012921368694601384,0.056356830977020794,0.30085000970826653,0.24449317873124574,0.8676023848930339,4.631527028629649,3.7639246437366154,0.003993284095610307,0.017104426745190953,0.013111142649580645,0.05744644774299796,0.28917258331175416,0.2317261355687562,0.8843768217872356,4.451755334313516,3.5673785125262802
asset_growth_mrq,0.0032146136453401804,0.06635604462273662,1.0215383223061107,-0.014640876348440326,-0.0019708210852898834,0.00848232407302001,0.010453145158309893,-0.04263547624111256,0.17759371678099556,0.2202291930221081,-0.6563648137511899,2.734020518010237,3.390385331761427,-0.002177817209611287,0.008437722490136095,0.010615539699747382,-0.04424282102125052,0.17672066066588643,0.22096348168713695,-0.6811095721135201,2.7205799899592016,3.401689562072722,-0.0017685936345646523,0.008462478156242778,0.010231071790807431,-0.03751954485653859,0.16848011511150315,0.20599965996804176,-0.577606051179616,2.5937184036730985,3.1713244548527144
accrual_to_asset_ttm,0.002089774584057004,0.05021854171811483,0.7731046229028042,-0.031246542123099578,-0.002361844921192003,0.0065813026322150605,0.008943147553407063,-0.056541604863179856,0.16725196766454023,0.22379357252772009,-0.8704469427135921,2.5748113140530346,3.4452582567666266,-0.002496416203074003,0.006983714080172015,0.009480130283246018,-0.05935410885936961,0.1703448649654988,0.22969897382486842,-0.9137448913794844,2.6224258627780164,3.5361707541575007,-0.0029569914517831508,0.006634551953319925,0.009591543405103077,-0.0703539472760966,0.16589020211652075,0.23624414939261734,-1.0830852513383624,2.553847199913817,3.6369324512521795
net_operating_asset_to_asset_mrq,0.00434730826272434,0.07877898877473347,1.2127871165837765,-0.027504950047912334,-0.001560011904002717,0.010758150063047322,0.012318161967050038,-0.026916175090554394,0.2228717710471589,0.2497879461377133,-0.4143692485172799,3.4310673033530312,3.845436551870311,-0.0018880198757545014,0.010242785303400047,0.012130805179154549,-0.03274832644968335,0.20990218439717276,0.2426505108468561,-0.5041540774460145,3.231403054786731,3.7355571322327457,-0.00291620554967786,0.00956746909315373,0.01248367464283159,-0.04739125998575092,0.1822172775200465,0.2296085375057974,-0.7295791738802428,2.8051993308418885,3.5347785047221314
illiq_252,0.007455519373903809,0.11140930273932038,1.7151244149146105,0.046674834637716905,-0.0012343267338890468,0.01575271875775276,0.016987045491641806,-0.018191203751031858,0.2308224552284647,0.24901365897949657,-0.2800500220621999,3.55346653052116,3.83351655258336,-0.00015581263661927996,0.014981182225149445,0.015136994861768725,-0.0025809741333833224,0.2206410562969637,0.22322203043034702,-0.03973359173413509,3.3967258862837393,3.4364594780178743,0.0011771902900759889,0.01627990715000847,0.015102716859932482,0.020085953262093694,0.2469080566047793,0.2268221033426856,0.30921932001726854,3.8011012160523547,3.4918818960350864
gross_profit_to_asset_q_trend,0.0001331542936082175,0.0036114845145935695,0.05559809740088548,-0.1741819764293626,-0.00365478434292005,0.0041221234252944985,0.007776907768214549,-0.10335739763263929,0.10355323535588351,0.2069106329885228,-1.5911669114074072,1.5941817948349015,3.1853487062423085,-0.0034681709682155663,0.0040077540756820115,0.007475925043897578,-0.09767911344954334,0.10267212956774542,0.20035124301728877,-1.5037508375447166,1.580617343642758,3.0843681811874744,-0.0030061065035348884,0.004401298689043401,0.007407405192578289,-0.08380938692817436,0.1095564769835012,0.19336586391167554,-1.2902291117993412,1.6866005249677924,2.9768296367671336
net_cash_flow_to_revenue_ttm,0.002162264549767633,0.04631211685449754,0.7129659765431158,-0.06901690493021248,-0.003973256567589847,0.008035756504055757,0.012009013071645605,-0.08830730640507659,0.16830688133183244,0.256614187736909,-1.359473701985904,2.591051503533742,3.950525205519646,-0.0038922851398325727,0.008509050263454393,0.012401335403286966,-0.0875919150332522,0.17410614029966845,0.2616980553329207,-1.3484603918056384,2.680329960534959,4.0287903523405975,-0.0033310715628959977,0.009633409245660182,0.01296448080855618,-0.07641310579277723,0.19542993822389906,0.2718430440166763,-1.1763648110364682,3.0086056569023283,4.184970467938797
ebit_to_tangible_capital_ttm,0.000590843185688025,0.011975482562520345,0.1843602106677014,0.06318938291527225,-0.004703943578459053,0.005544427314560403,0.010248370893019457,-0.11401183534869708,0.11261573437644408,0.22662756972514114,-1.7551898951680651,1.733697193891585,3.4888870890596504,-0.004572775469895194,0.00570545885783173,0.010278234327726924,-0.09515208243104695,0.11629762982569583,0.21144971225674278,-1.4648476895085873,1.7903792538534047,3.255226943361992,-0.0038135960814161584,0.00650285655374329,0.01031645263515945,-0.07754563130477342,0.13040802067909682,0.20795365198387022,-1.193799819679178,2.0076059598968166,3.2014057795759943
return_on_invested_capital_ttm,0.00034413509202196234,0.005841179035969974,0.08992380824715143,0.09119399015180249,-0.006734296557331524,0.008301922003273319,0.015036218560604843,-0.12232579911350683,0.13272803050176255,0.25505382961526935,-1.883181740437086,2.043322057133384,3.9265037975704704,-0.007844083557994107,0.008561613328359292,0.016405696886353398,-0.14284784761528016,0.1375127172099597,0.28036056482523986,-2.199114661333382,2.116981372730644,4.316096034064026,-0.007529624420182198,0.009522960894055285,0.017052585314237482,-0.1401446592149992,0.14949034795006763,0.28963500716506685,-2.1574996048754485,2.3013746541719473,4.458874259047396
return_on_net_operating_asset_ttm,0.0017149102582966775,0.03010366224943665,0.4634399895954958,-0.02153884864528593,-0.004779845713236017,0.007595626177049006,0.012375471890285022,-0.08118970121057094,0.13710096442425665,0.21829066563482757,-1.2498995628012848,2.110642519167214,3.360542081968499,-0.004363130788042877,0.008378705497369696,0.012741836285412573,-0.07898939131681725,0.15635116388916812,0.23534055520598535,-1.2160262225472378,2.4069955730185524,3.62302179556579,-0.004111112574328856,0.008302293686625632,0.012413406260954489,-0.0730165023998515,0.15628881333289774,0.22930531573274923,-1.1240747664553643,2.4060356984056304,3.5301104648609947
gross_profit_to_asset_ttm,0.0029659455263619577,0.05119154135005569,0.7880837618383515,-0.041100179719213724,-0.0039639358816668715,0.009586782378168943,0.013550718259835814,-0.07408354669995033,0.1625917483522318,0.23667529505218216,-1.1405017046543866,2.5030681496594944,3.6435698543138813,-0.003703323509097925,0.010679712572750756,0.01438303608184868,-0.06781359226789557,0.18626575086413874,0.2540793431320343,-1.0439769830879913,2.8675247857622073,3.9115017688501985,-0.002428819341828314,0.010905592118263351,0.013334411460091665,-0.04193645746987963,0.1893264147575199,0.23126287222739955,-0.645603556553212,2.9146431074850208,3.5602466640382326
deflated_gross_profit_to_asset_ttm,0.0013782917405401342,0.021958433460742874,0.33804578626544024,0.056606821189802696,-0.007144471910458065,0.0102460323895556,0.017390504300013664,-0.1083844159075348,0.19048608992205673,0.2988705058295915,-1.668556874054146,2.9324960797159045,4.601052953770051,-0.006953068514241594,0.009149346500759,0.016102415015000593,-0.11113913666749389,0.16325731995602244,0.2743964566235163,-1.710965261105387,2.5133144942596957,4.224279755365083,-0.00806900150318767,0.008252491114117199,0.016321492617304867,-0.12765747251571774,0.1433399240797598,0.2709973965954775,-1.9652618091534244,2.2066900822137074,4.171951891367132
operating_profit_to_book_value_ttm,0.0038540186243133027,0.05318119055422998,0.8187140219987566,0.00683455817027743,-0.004051933118953745,0.011769305309960778,0.015821238428914523,-0.054594970919666676,0.18762237017574396,0.24221734109541063,-0.8404788940737669,2.8884096745988512,3.728888568672618,-0.0045041098700959355,0.011675695507044125,0.01617980537714006,-0.06057682159858161,0.18125050985279578,0.2418273314513774,-0.9325683147371955,2.7903161317832654,3.722884446520461,-0.005920278717631732,0.01000344469472121,0.01592372341235294,-0.08057406145024801,0.14978440690250044,0.23035846835274845,-1.240421909160523,2.305901634202707,3.54632354336323
cash_based_operating_profit_to_asset_ttm,0.0005194605353031011,0.010430333539059552,0.16057294380884732,0.08503669990845426,-0.006605420858653065,0.007153184411886412,0.013758605270539476,-0.15320381340536693,0.13534549723355171,0.28854931063891864,-2.358542728199198,2.083617445279045,4.442160173478243,-0.00615315597428421,0.00723663804886265,0.01338979402314686,-0.14086676196696785,0.13684351452488455,0.2777102764918524,-2.1686162354397416,2.1066791283446045,4.2752953637843465,-0.005966737113214962,0.008265726276618165,0.014232463389833128,-0.1355117544522734,0.15510352386434528,0.2906152783166187,-2.0861769426277768,2.387788398976675,4.473965341604451
abnormal_capital_investment_ttm,1.426427465937319e-05,0.00043348844833627316,0.006673469836398047,0.007547668926891042,-0.0033104569007576952,0.0032499853527693688,0.006560442253527064,-0.10250181790661347,0.10949072052660155,0.21199253843321503,-1.5779954289465006,1.6855882171811551,3.263583646127656,-0.00344129005664019,0.0033165427156365613,0.006757832772276751,-0.10137277688427727,0.10599219681210062,0.2073649736963779,-1.560614063340255,1.631729129193339,3.1923431925335937,-0.003659907699321266,0.003379904421536926,0.007039812120858192,-0.10748154780976828,0.10940340429691349,0.21688495210668177,-1.6546573963637579,1.6842440009112922,3.33890139727505
sell_exp_to_revenue_ttm,0.007158719176104214,0.12414646842443297,1.9112105882072021,-0.010501038311590107,0.0006448111968172428,0.013418983882260725,0.012774172685443482,0.010165130933388946,0.24489350266615464,0.2347283717327657,0.15649020158983426,3.770087552378486,3.6135973507886514,-0.0005964467648163759,0.014282776863628747,0.014879223628445123,-0.009653731333356699,0.26872459565705153,0.2783783269904082,-0.14861730481886015,4.136962565665522,4.285579870484382,0.0006483876724669846,0.015422466229608476,0.01477407855714149,0.011051633110801642,0.28601063545655364,0.274959002345752,0.17013772913888564,4.403077765817906,4.23294003667902
gross_profit_margin_ttm,0.000215853901882879,0.00400898202794294,0.06171749383592604,-0.08513471556810216,-0.00548118238326166,0.005722842831834408,0.011204025215096069,-0.09726526881167888,0.12809824830694325,0.22536351711862213,-1.4973797803265985,1.9720474662076033,3.4694272465342015,-0.005914669651487866,0.006099634957104251,0.012014304608592118,-0.09921322801397911,0.13047133567013255,0.22968456368411166,-1.5273682310661214,2.0085806817942293,3.5359489128603507,-0.00656400896325066,0.005695576668336961,0.012259585631587622,-0.10918721456802442,0.11609987643816136,0.22528709100618577,-1.6809158023394095,1.7873348791490227,3.468250681488432
net_profit_margin_ttm,0.001665983608176848,0.024021874693687804,0.369812060269023,-0.02292850083426314,-0.004869431167595503,0.009475729167666902,0.014345160335262404,-0.06950732915563701,0.14569786668055004,0.21520519583618705,-1.0700517310415258,2.2429901471467524,3.313041878188278,-0.004571613748369781,0.008375412903800686,0.012947026652170467,-0.06282774016727902,0.127392327301703,0.190220067468982,-0.9672207656388113,1.9611799504677228,2.928400716106534,-0.006103942067625114,0.007488897544730064,0.013592839612355178,-0.08328701720847115,0.11208974945955458,0.19537676666802573,-1.282187332182684,1.7255997590216725,3.0077870912043565
asset_turnover_ttm,0.001991100966693832,0.04108659892882073,0.6325201506153398,-0.03935833243141654,-0.0032039778091720802,0.006864000451089399,0.010067978260261479,-0.07061891993285886,0.1439702625614336,0.21458918249429249,-1.0871644535389282,2.2163940197933956,3.3035584733323238,-0.0030266487322646945,0.007354898884973021,0.010381547617237715,-0.06239491109096451,0.14702632640742644,0.20942123749839095,-0.9605574467056615,2.2634415246868107,3.223998971392472,-0.003373626473835463,0.006657528789308694,0.010031155263144157,-0.0707945168308835,0.1423941301131196,0.2131886469440031,-1.0898677334229252,2.1921297691718142,3.2819975025947397
net_profit_to_asset_yoy_chg,0.004382610570211754,0.10946035382328315,1.6851207277257751,0.05584001579484888,3.2481738142123945e-05,0.008564251841820206,0.008531770103678081,0.0007320312284214624,0.22932486444704783,0.22859283321862636,0.01126947751646294,3.5304114134922964,3.5191419359758336,-0.00040446172353641676,0.008660263970803201,0.009064725694339618,-0.010662626383558665,0.23393234883892697,0.24459497522248563,-0.1641490466944619,3.6013427341050845,3.7654917807995463,0.0005544413148001741,0.008906332654083294,0.00835189133928312,0.013786213452859911,0.2354638269014968,0.2216776134486369,0.21223605839765375,3.624919539196179,3.4126834807985253
non_operating_profit_to_total_profit_ttm,0.0006756979541737588,0.017544576533099987,0.2700953225752258,-0.14975814129391443,-0.0030579514154041518,0.004659345560051751,0.007717296975455903,-0.08831493307176606,0.11400483794526144,0.2023197710170275,-1.35959111302719,1.755082171511437,3.114673284538627,-0.0033684520746651097,0.00508545498238968,0.00845390705705479,-0.09080064193342008,0.12083277369825196,0.21163341563167204,-1.3978581145447189,1.8601969063269284,3.2580550208716472,-0.003998099256794506,0.0031601581764187023,0.007158257433213209,-0.11375894945391354,0.0797221320339102,0.19348108148782373,-1.7512967663030041,1.2273066225029643,2.9786033888059684
net_profit_yoy_pct_chg_acc,0.005451503931203656,0.16208763758336742,2.4953074630180594,-0.045500927824156205,0.002026734968025409,0.009034210964558129,0.00700747599653272,0.06560352301719828,0.26633706798424645,0.20073354496704815,1.0099533994435246,4.100207044338065,3.09025364489454,0.0016756384525379454,0.00920556489815303,0.007529926445615085,0.05452603605029828,0.25999177806205137,0.2054657420117531,0.83941765524913,4.002522547642734,3.1631048923936036,0.0016418295608596018,0.009151634655528556,0.007509805094668954,0.05293457658707782,0.2554906795479094,0.20255610296083157,0.8149174482322796,3.933229016799943,3.1183115685676634
net_profit_to_asset_yoy_chg_acc,0.004556667784865055,0.13774681545414805,2.1205852693911913,0.05702612711006312,0.0005085077947857061,0.00886962468174699,0.008361116886961284,0.015803436296224653,0.26290179165274885,0.2470983553565242,0.2432908093377407,4.047321637435232,3.804030828097491,0.0004451148383469574,0.008699862924170057,0.0082547480858231,0.01427232589052523,0.2579738740731169,0.24370154818259165,0.21971966425222292,3.9714573105998867,3.7517376463476637,0.00039956784076410263,0.008233358330767762,0.00783379049000366,0.01286859518816367,0.24848949782921334,0.23562090264104968,0.19810950477371983,3.8254471942434733,3.6273376894697535
idios_vol_ff3_21,0.010270960964492891,0.14760401578626195,2.2723349396307673,0.03482616342481246,0.0020553583564421095,0.018491063545517408,0.0164357051890753,0.029378206566217813,0.27045150756703124,0.24107330100081342,0.4522717413107137,4.163548036594673,3.711276295283959,0.0009339212870517029,0.019158031564248522,0.01822411027719682,0.01317011257898186,0.2814109867808187,0.26824087420183684,0.2027513060039425,4.332267074521852,4.129515768517909,0.00031118105224566927,0.01780763166888031,0.01749645061663464,0.004473427411360469,0.2579316003940684,0.25345817298270795,0.06886753963019561,3.9708065155831203,3.9019389759529246
total_skewness_252,0.006729827900194349,0.11768874508022804,1.8117952009811868,0.07184081618145866,0.0017963364382479223,0.011370227684887555,0.009573891246639633,0.03178424250426976,0.21061111883639133,0.17882687633212158,0.48931219375991863,3.2423169617530334,2.7530047679931147,0.0019254049268712492,0.011882034094155365,0.009956629167284117,0.032557633283954106,0.23220978920991767,0.19965215592596355,0.501218393474768,3.5748242656898133,3.073605872215045,0.001249737263461274,0.011357680638298498,0.010107943374837223,0.020344060648082973,0.2249317407710813,0.20458768012299833,0.3131928327176918,3.4627801341545226,3.1495873014368305
co_skewness_252,0.0009011811538564583,0.013180763665335035,0.20291527739412737,-0.06701578516918329,-0.004656626910148023,0.007329732545962446,0.011986359456110467,-0.07245114773789851,0.10906423022148463,0.18151537795938316,-1.1153712420641366,1.679022482390211,2.7943937244543475,-0.004385638251389117,0.006470154324590829,0.010855792575979946,-0.06636753960778026,0.09615385825894963,0.1625213978667299,-1.0217152853515,1.4802698323499928,2.5019851177014925,-0.004836081208540671,0.0070446185032704564,0.011880699711811127,-0.07225136140739667,0.10166013767719502,0.1739114990845917,-1.1122955706005815,1.5650379265159873,2.6773334971165688
idios_skewness_ff3_252,0.0004254824239734242,0.010080613977637463,0.15518907959445835,0.09176682137771822,-0.006832599120317293,0.0070076507287599454,0.013840249849077238,-0.1504926572590071,0.18716208864184125,0.3376547459008483,-2.316805009849522,2.881323730453073,5.198128740302595,-0.007083613586996853,0.006851609827439185,0.013935223414436038,-0.15661842931065167,0.18202021190421339,0.3386386412148651,-2.4111100718833507,2.802165544248265,5.213275616131616,-0.007888155530119989,0.006339152208617585,0.014227307738737573,-0.17718153695660235,0.16138442691025945,0.3385659638668618,-2.727675090269736,2.4844816723109937,5.2121567625807295
tpi_21,0.012246819596857809,0.1941049311230964,2.9882074318650598,0.044676329722511336,0.005115927017147877,0.018993861493071907,0.01387793447592403,0.07905798654954771,0.3207291768740353,0.24167119032448758,1.217082232732294,4.937562917158242,3.7204806844259473,0.005125197206588209,0.019318022017693223,0.014192824811105013,0.07963953511139032,0.3252950628454599,0.24565552773406957,1.2260350590434739,5.007853838228179,3.7818187791847055,0.005087150606290082,0.02034560154133608,0.015258450935045999,0.07791951684158971,0.3393038624091598,0.26138434556757006,1.1995557143559221,5.223516566246195,4.023960851890273
revenue_to_total_mktcap_ttm,0.005898509514877066,0.08903998911676271,1.3707532089597432,-0.05655402464833936,-0.0034074609181402745,0.015173793648811888,0.01858125456695216,-0.05188623370823038,0.2244586772815476,0.276344910989778,-0.7987784147538973,3.4554974143029997,4.254275829056897,-0.0035105228681589417,0.014533579810218755,0.018044102678377697,-0.050463948139134664,0.2269987297713178,0.2774626779104525,-0.776882606732869,3.494601025341326,4.271483632074196,-0.004051451103787003,0.013714135254031668,0.01776558635781867,-0.0611351203804825,0.2023096360295332,0.2634447564100157,-0.9411632152357277,3.1145172583893834,4.055680473625111
noa_to_noacap_mrq,0.0056385347840078,0.07444487503377252,1.1460642836482513,-0.04490018124062783,-0.0030936757840522144,0.015216301238988128,0.018309977023040342,-0.04010757706352829,0.19570937849465825,0.23581695555818655,-0.6174483005757858,3.01290758518933,3.630355885765116,-0.003435689506714329,0.01480503932617134,0.018240728832885668,-0.04632065644129765,0.19695482302163597,0.24327547946293362,-0.7130974418108629,3.0320809599715006,3.7451784017823635,-0.004466886416314899,0.013654644400810222,0.01812153081712512,-0.058435512802550965,0.17287149960526765,0.23130701240781862,-0.899603284837162,2.661322908641199,3.5609261934783607
book_value_plus_rdexp_sga_to_total_mktcap_ttm,0.007610220273884759,0.09817756663244548,1.5114244267573487,0.003056076575011792,-0.0027102390897693496,0.017659010641174713,0.02036924973094406,-0.0347832606730171,0.23608453238589,0.27086779305890707,-0.5354814916149322,3.6344751786677327,4.169956670282665,-0.002613417368409822,0.017404262120850725,0.02001767948926055,-0.03428852925187829,0.2336436963014174,0.2679322255532957,-0.5278651981963657,3.596898984774133,4.124764182970498,-0.0030734361510720665,0.01677640933003555,0.019849845481107617,-0.04150086247245618,0.22045044543331127,0.2619513079057674,-0.6388976568058299,3.3937914693368603,4.0326891261426905
liquidity_shock_21_252,0.005300016641892817,0.09033571352997533,1.3907006327516482,0.027819009243439892,-0.001896086465070365,0.01234156201292627,0.014237648477996634,-0.030892338743316896,0.2175089235765585,0.2484012623198754,-0.4755815098892572,3.3485073159540293,3.8240888258432864,-0.002298336619914187,0.012969770505750064,0.015268107125664251,-0.03677557547734952,0.24239966457414414,0.27917524005149363,-0.5661527881681631,3.73169540295036,4.297848191118523,-0.0022006357137736893,0.014043607417031825,0.016244243130805514,-0.037472683397445763,0.24866350235580362,0.2861361857532494,-0.5768846281868101,3.828125959880836,4.405010588067646
book_value_yoy_pct_chg,0.0005765619075793025,0.01107315411329129,0.1704690407609483,0.018466161067662305,-0.0047464218024469715,0.006126833656748949,0.010873255459195921,-0.08763850701422554,0.1237556177617278,0.21139412477595335,-1.3491776662355268,1.9051935187371623,3.254371184972689,-0.0048701996767722645,0.006061199580692025,0.010931399257464289,-0.09756868560862542,0.1226840742450506,0.220252759853676,-1.5020508225424882,1.88869731597933,3.3907481385218183,-0.004577213392821412,0.006021374063225441,0.010598587456046853,-0.08460014158350446,0.11974636264286094,0.2043465042263654,-1.3024026249819651,1.8434718207199015,3.1458744457018666
revenue_yoy_pct_chg,0.0051146111811098405,0.11508519394426428,1.7717140407102312,-0.02768593001464219,0.0003110723206493924,0.009453231988719021,0.009142159668069628,0.007192324402148018,0.22158161015436414,0.21438928575221614,0.11072442676509515,3.4112055288692797,3.3004811021041847,0.00010530406882596024,0.00977605639242292,0.00967075232359696,0.0021792370371156843,0.23034423661152836,0.2281649995744127,0.033548927749676424,3.546104448492038,3.5125555207423615,0.0003560119405560887,0.00948011645067321,0.009124104510117121,0.0077241895097904184,0.21673913301966086,0.20901494350987043,0.1189123860210031,3.336656540964484,3.217744154943481
capital_exp_to_asset_ttm,0.008238316186440654,0.14526779397456033,2.236369261995381,-0.08518361740754746,0.0011620823113007962,0.015507860118707294,0.014345777807406498,0.02158459482536089,0.2745903656898724,0.2530057708645115,0.3322906136270991,4.227264947497186,3.8949743338700875,0.001337610610253874,0.015107277575354454,0.01376966696510058,0.02531139315453141,0.2769070967514631,0.2515957035969317,0.38966394463859816,4.262930568848596,3.8732666242099976,0.0008779924549631343,0.01400349800998382,0.013125505555020687,0.01610705398049319,0.2520845691421879,0.2359775151616947,0.24796494417464252,3.880792613617197,3.6328276694425545
sell_exp_to_asset_ttm,0.005573601205049282,0.11089802752801167,1.7072534330836946,0.010250010698040789,-0.0007304083417682199,0.011577797950197657,0.012308206291965877,-0.012788365179590507,0.2391056195075217,0.2518939846871122,-0.19687437949127717,3.6809842237339123,3.8778586032251896,-0.001554808078469088,0.012361822038636026,0.013916630117105115,-0.027931944883562373,0.2643267934024535,0.2922587382860159,-0.4300068257131191,4.069259260525229,4.499266086238348,-0.001352998533623904,0.012838124849781418,0.014191123383405321,-0.02514659139513657,0.27796711503473004,0.3031137064298666,-0.38712685380139633,4.279249342893355,4.666376196694751
price_delay_one_252,0.000981687165460772,0.017922428925484773,0.27591228621720637,-0.034090271962730324,-0.003446336591923542,0.005174839176075954,0.008621175767999496,-0.06462446802555408,0.09769918966431275,0.16232365768986684,-0.9948810394302673,1.5040599069425442,2.4989409463728114,-0.0035331404651652355,0.005276694290349193,0.008809834755514428,-0.070505808870365,0.10753341352636518,0.1780392223967302,-1.085423130865596,1.6554558589215977,2.740878989787194,-0.0040171000129335535,0.005528523445877003,0.009545623458810557,-0.07223907717099347,0.09992784368351268,0.17216692085450613,-1.112106457184954,1.5383695994614106,2.6504760566463643
zero_return_ratio_252,0.0031551895820107587,0.04972515385471496,0.7655090132927193,-0.055132752210729725,-0.0034984737539309548,0.010212759891946142,0.013711233645877096,-0.05401521965195901,0.1669785466893351,0.2209937663412941,-0.8315537367540974,2.570602051643222,3.4021557883973195,-0.003843492320193898,0.010057108370811876,0.013900600691005774,-0.05815667384990541,0.17359584891182642,0.23175252276173183,-0.8953106137248528,2.672474124473797,3.5677847381986494,-0.004612781739794328,0.008619564546104902,0.01323234628589923,-0.0697228576931161,0.1393797910333648,0.20910264872648093,-1.0733697507010347,2.1457246088898625,3.219094359590897
amount_21,0.020221120612706183,0.23199696068982703,3.5715478122696553,0.06941936458831352,0.007280318140894425,0.03229597907204805,0.025015660931153625,0.10539437541517208,0.344791725478242,0.23939735006306992,1.622525785770307,5.308001144320565,3.685475358550258,0.008713116954939476,0.03323292770230749,0.024519810747368018,0.12611459239458547,0.3444827465920502,0.21836815419746472,1.9415094716019357,5.303244474829143,3.3617350032272078,0.010624517798903454,0.036204070473154396,0.02557955267425094,0.1494163669197802,0.37104678330794916,0.22163041638816897,2.3002357306874033,5.712192621975624,3.4119568912882206
momentum_academic_252_21,0.0031308734833317233,0.04515708384569472,0.695184469391372,-0.01105941703064325,-0.006869662563571243,0.012926573415214918,0.019796235978786162,-0.09544765549016605,0.19724384767302228,0.2926915031631883,-1.4693979789154992,3.036530437922769,4.505928416838268,-0.007183665768653252,0.012435069795117153,0.019618735563770404,-0.09844440643610142,0.18349051999257382,0.28193492642867524,-1.5155323733189763,2.824800649556247,4.340333022875224,-0.008121900341464882,0.01078729023717118,0.018909190578636062,-0.11344588005335174,0.1607526488424372,0.27419852889578894,-1.7464771241432948,2.474755572584251,4.2212326967275455
idios_momentum_ff3_252_21,0.003824638301975783,0.07860039567475212,1.2100377107569578,0.05002132152288494,-0.0030739676120348845,0.010454736919292426,0.013528704531327311,-0.0644092498940168,0.22080600242746914,0.2852152523214859,-0.9915677984094922,3.399265199685938,4.39083299809543,-0.0030113142306549354,0.01071933802842188,0.013730652259076815,-0.06552462173198897,0.22065067661421417,0.28617529834620314,-1.0087387295972616,3.3968739891852904,4.405612718782552,-0.002319333688196291,0.011346500513683353,0.013665834201879645,-0.05003714483603306,0.2239703728078742,0.2740075176439073,-0.7703120533991984,3.447980062483028,4.218292115882226
idios_momentum_capm_252_21,0.01334861722268332,0.20830908228212083,3.206877559466372,0.022284027229250717,0.00533423754689684,0.021084416285800933,0.015750178738904094,0.0758285585962432,0.3666719786694201,0.2908434200731769,1.167365821330992,5.6448433606345,4.477477539303508,0.005194924069602138,0.02186073511602396,0.01666581104642182,0.07218149421730649,0.392631633118784,0.32045013890147755,1.1112199788808708,6.0444871610541995,4.933267182173329,0.004814467419760056,0.020960479240930027,0.01614601182116997,0.06470108813440366,0.3540547479234387,0.28935365978903504,0.9960605910128563,5.450603562260765,4.454542971247909
capital_gain_overhang_252,0.003363221313151645,0.04624851679884489,0.7119868661317076,-0.0024816575858283233,-0.005720562815989274,0.011417498996062338,0.017138061812051613,-0.08219310137337885,0.1592105870556945,0.24140368842907334,-1.2653467119607036,2.4510158331305556,3.7163625450912594,-0.005089839739450587,0.012469520180275464,0.017559359919726052,-0.07227332535793206,0.1775518892386895,0.24982521459662155,-1.1126337013211314,2.7333765911813184,3.8460102925024495,-0.004633837410519718,0.014078967634311755,0.018712805044831474,-0.06625350415402297,0.20325395105510657,0.26950745520912955,-1.0199597318555529,3.129054803422954,4.149014535278507
composite_equity_issuance_252,0.0024123433906191563,0.04413594100027379,0.6794641751050432,0.0860755351491312,-0.004329095056291819,0.009568315498051691,0.013897410554343511,-0.08487804454420789,0.1858346589724717,0.2707127035166796,-1.3066808866814816,2.8608882104467694,4.167569097128251,-0.004703930892375834,0.00993352244153796,0.014637453333913794,-0.09223443331532791,0.18274427322967043,0.27497870654499834,-1.419931052302513,2.813312326668155,4.233243378970668,-0.005656004613329242,0.009009371486935884,0.014665376100265127,-0.10880042397905686,0.15869310136000328,0.2674935253390601,-1.6749612369100784,2.443049242107849,4.1180104790179275
earnings_announcement_return1,0.00229453952465206,0.07222501025807444,1.1118898998132023,-0.00089076452742913,-0.002085897129617976,0.006502795817787673,0.008588692947405649,-0.05880449498612187,0.23278554288033815,0.29159003786646004,-0.9052836933501901,3.5836878807815022,4.488971574131693,-0.0019604443659916237,0.006519439193798069,0.008479883559789693,-0.058056404169399674,0.2248157490532449,0.2828721532226446,-0.8937669816144045,3.460994464355883,4.354761445970287,-0.0022878085085276017,0.006537615539768726,0.008825424048296327,-0.0661761564769664,0.22595048463426415,0.29212664111123055,-1.0187689795027888,3.478463496578733,4.497232476081521
jump1,0.004061724744453248,0.1105542154449866,1.7019605133432425,-0.0505894283178591,-0.0007233097329391509,0.008695791978683476,0.009419101711622626,-0.020021983834838285,0.27740606504792037,0.29742804888275864,-0.3082345232023152,4.270612088133612,4.578846611335927,-0.0003590954980209087,0.008045581566488337,0.008404677064509246,-0.009017119118571115,0.23827593457666274,0.24729305369523386,-0.13881678434557065,3.668211386577463,3.8070281709230334,-0.001284419656837876,0.0077702056138899064,0.009054625270727782,-0.029656391455113895,0.23837350222535386,0.26802989368046776,-0.45655434323958827,3.6697134214368625,4.1262677646764505
inventories_to_revenue_ttm,0.00046670102471495835,0.009451781711019661,0.1455083299008187,-0.10077563195005045,-0.00521721127173465,0.005655666256504132,0.010872877528238782,-0.10984111552458395,0.11013379669153435,0.2199749122161183,-1.6909824796092197,1.6954882489020846,3.3864707285113043,-0.005415367707877774,0.0058122011950593805,0.011227568902937154,-0.10230110051254687,0.12173162668513783,0.2240327271976847,-1.5749054239415579,1.8740345721709923,3.44893999611255,-0.0041831575935033245,0.006382044627517635,0.01056520222102096,-0.0833886427424776,0.1355834238696864,0.218972066612164,-1.2837518373924601,2.0872802792844594,3.3710321166769193
total_accrual_to_net_profit_ttm,0.004843148828120804,0.10074872765581966,1.5510069475831387,0.06915880029611214,5.422579084832855e-05,0.009806546099297486,0.009752320308449157,0.0014262692837469064,0.20082614452410688,0.19939987524035999,0.021957136528543503,3.0916791969554245,3.069722060426881,0.0002704862566973341,0.009608534324343037,0.009338048067645703,0.006623657819274637,0.1974561813332014,0.19083252351392677,0.10196991599938,3.0397992730714236,2.9378293570720437,-0.0005111930531999226,0.009749354601925504,0.010260547655125426,-0.010939552397995825,0.19295292524542246,0.20389247764341828,-0.16841226849737997,2.9704725268046905,3.1388847953020704
accrual_to_net_profit_ttm,0.0033681227167525626,0.08000444602381131,1.231652791133822,-0.06454183860975828,-0.0010212535503878416,0.008107672881658494,0.009128926432046335,-0.02548712613235914,0.18769104718909338,0.21317817332145253,-0.3923693194445354,2.8894669437805343,3.2818362632250695,-0.0013559474785886133,0.00826566278309194,0.009621610261680553,-0.03740874570809527,0.18576688941831151,0.22317563512640679,-0.5759003199706924,2.8598449114217326,3.435745231392425,-0.0017301962012246618,0.007643635801763035,0.009373832002987696,-0.046863445235710045,0.16980037154331418,0.21666381677902422,-0.7214535690870297,2.6140434930908603,3.33549706217789
inv_yoy_chg_on_asset,0.0021589304647284383,0.06229969675428667,0.9590916406242055,-0.12407153636848732,-0.002300344236737331,0.006800018526363585,0.009100362763100917,-0.062388650976718446,0.20856512402339486,0.2709537750001133,-0.960461073471833,3.210819271970613,4.171280345442446,-0.0022872752140074234,0.006360322375544804,0.008647597589552228,-0.0636624741159277,0.18979857367039774,0.25346104778632544,-0.9800713314361338,2.921911901555935,3.9019832329920687,-0.002720717935148223,0.00624282492583441,0.008963542860982634,-0.07746562149455016,0.18567971455929078,0.26314533605384094,-1.1925680843072433,2.8585028715256295,4.051070955832873
capital_exp_yoy_pct_chg,0.002352446360371633,0.06812229120622425,1.0487293428368405,0.019655530650312204,-0.0014912682396785765,0.006166829238278118,0.007658097477956694,-0.04676399423685416,0.17132843480122897,0.21809242903808312,-0.7199225404203797,2.6375677279325043,3.357490268352884,-0.0018864440694186804,0.006567252362697656,0.008453696432116336,-0.05609261999477408,0.1827086086561272,0.23880122865090128,-0.8635349085225892,2.8127632775373588,3.676298186059948,-0.00041171593477809895,0.007016941502739449,0.007428657437517547,-0.012196061052900574,0.1943813994857989,0.2065774605386995,-0.18775597336393998,2.9924636082090763,3.180219581573016
sellexp_to_total_mktcap_ttm,0.009601300433902036,0.2517867195393488,3.8762072772651934,0.0414558293064896,0.003886274876240556,0.015127679135528553,0.011241404259287997,0.11302313342940082,0.38059247276374203,0.26756933933434124,1.7399690225913313,5.8591466432312025,4.119177620639871,0.004303904303387761,0.014666116878454575,0.010362212575066813,0.1173791707950103,0.3836914928048021,0.26631232200979177,1.8070293654382694,5.906855450341939,4.09982608490367,0.005071320017267401,0.015290837421670627,0.010219517404403227,0.13011058587868254,0.39988973456150473,0.26977914868282216,2.003027009346975,6.15622421248755,4.153197203140575
[close],0.005688087621053892,0.080138785607525,1.2337209227373016,-0.06560624481350234,-0.0011426370767308556,0.012237123861337748,0.013379760938068605,-0.017389530002752545,0.16628146402077332,0.18367099402352585,-0.2677084115802892,2.559870600367007,2.827579011947296,-0.002026227313822528,0.013357112232561256,0.015383339546383785,-0.03216865612395472,0.17923035307892715,0.21139900920288188,-0.4952301662122735,2.7592162135571883,3.254446379769462,-0.001717015135843986,0.013103839733307712,0.014820854869151698,-0.025258527541154287,0.18165207490114713,0.20691060244230142,-0.38885008886548833,2.7964981471237196,3.185348235989208
fix_asset_to_asset_mrq,0.0021691821415925766,0.042889482766958226,0.6602751945121655,-0.08639905763784383,-0.00347520856605926,0.00756110247984308,0.011036311045902341,-0.06830314316226392,0.16303778058855875,0.23134092375082266,-1.0515135233106603,2.50993472865742,3.5614482519680806,-0.0031464301935867894,0.007067966811215632,0.010214397004802422,-0.06142587369192331,0.1579963358271781,0.2194222095191014,-0.9456393055702684,2.4323226730742413,3.37796197864451,-0.0036667599704247474,0.0069505354879384595,0.010617295458363207,-0.07306637487075623,0.1478142336327631,0.22088060850351934,-1.124842543385815,2.275571202241876,3.4004137456276906
accrual_to_asset_sloan_ttm,0.0034055460594857425,0.10062456062500445,1.5490954204409493,-0.010954670150456551,-0.0004063368478985135,0.006999733102096538,0.007406069949995052,-0.011687967710444872,0.22608380715634416,0.23777177486678902,-0.1799339757813828,3.4805159707173825,3.6604499464987654,0.00015292548249777908,0.006718397480809144,0.006565471998311366,0.004810878411583238,0.213316046759622,0.20850516834803878,0.07406253174565347,3.2839587978263856,3.209896266080732,-0.0003037786085728563,0.006570917770089735,0.006874696378662591,-0.008082264769163757,0.20190360471718585,0.20998586948634962,-0.12442488457029474,3.108266485788677,3.2326913703589715
asset_turnover_yoy_chg,0.005100177872479629,0.14258794526308782,2.195113515479505,-0.07878480642867924,0.0020653422646321933,0.007976564286505072,0.005911222021872878,0.056748597917519586,0.2263189707694788,0.1695703728519592,0.8736335602804078,3.484136268524384,2.6105027082439762,0.0014403568104694646,0.0080848269604647,0.006644470149995236,0.03859256033756404,0.23333998866187183,0.1947474283243078,0.5941249145405532,3.592223465093343,2.9980985505527897,0.0021830164071609914,0.008798177142972938,0.006615160735811946,0.05856379063742158,0.24965574059197537,0.1910919499545538,0.9015780970033755,3.843401273363876,2.9418231763605007
ebitda_to_enterprise_value_mra,0.0024524919866087225,0.04301050811868298,0.6621383561195264,-0.14644047154871134,-0.002819462125343672,0.007978820468900673,0.010798282594244344,-0.054112941054760964,0.1408579311971015,0.19497087225186246,-0.8330581386279473,2.1684802874656692,3.0015384260936164,-0.0032086028811449366,0.008017717107373958,0.011226319988518894,-0.06116253927980136,0.13909103660734712,0.20025357588714848,-0.9415853238253656,2.141279291005265,3.0828646148306307,-0.003708320049078701,0.007405901661710141,0.011114221710788841,-0.07027244833630265,0.12814691427599495,0.1984193626122976,-1.0818305911080826,1.9727966692781167,3.0546272603861993
inventories_yoy_pct_chg,0.0009208897352498052,0.02295268682422264,0.35335212223906326,0.006130490773629276,-0.0044730705958450035,0.006229930827848948,0.010703001423693952,-0.11186151568703712,0.16668113870609577,0.27854265439313286,-1.7220861447549296,2.5660235139385406,4.28810965869347,-0.004322111402971148,0.006091420054807237,0.010413531457778385,-0.11403534547774301,0.15199148856632558,0.26602683404406857,-1.7555518290042262,2.339879224531893,4.095431053536119,-0.0041217261186796495,0.00634935900252312,0.01047108512120277,-0.10371148092350094,0.154972720122297,0.2586842010457979,-1.5966179543826164,2.3857747009637347,3.9823926553463513
market_beta_252,0.006633017948643233,0.08947735598506538,1.3774863863125881,-0.08520672349953753,-0.0012921351188166527,0.014814569993216615,0.016106705112033267,-0.017501365205831478,0.2134211681745392,0.2309225333803707,-0.26943009264759127,3.285577121438703,3.5550072140862943,-0.00225860151776181,0.014269804922883335,0.016528406440645144,-0.02902079766616678,0.19893966510924269,0.22796046277540946,-0.44676950123279463,3.062637215513013,3.5094067167458074,-0.001968922218279087,0.01449831124106396,0.016467233459343047,-0.025921718689858844,0.20063344163406402,0.22655516032392287,-0.3990597868254505,3.0887125736716357,3.487772360497086
market_downside_beta_252,0.006108174354005641,0.08018033239465273,1.2343605273951888,-0.04778900996792634,-0.0019913293605494965,0.014469191988330129,0.016460521348879625,-0.026411241601195876,0.19032770009395852,0.2167389416951544,-0.4065958962548286,2.9300576993063174,3.3366535955611463,-0.0026389433643679034,0.014105831579484978,0.01674477494385288,-0.033927957868848536,0.18095558588707264,0.21488354375592117,-0.5223142723118293,2.7857758350421684,3.3080901073539977,-0.0033206889557493976,0.013934797684363025,0.017255486640112422,-0.04329880489976722,0.17959208439826851,0.22289088929803574,-0.666576628649926,2.764784996434263,3.4313616250841887
price_to_high_252,0.0011168847532936255,0.013514618891880862,0.20805491327745565,-0.031714937478315296,-0.009335952017414322,0.012292428717009304,0.021628380734423625,-0.11199897162334552,0.1566722330491164,0.2686712046724619,-1.7242022519967917,2.4119383699086097,4.136140621905401,-0.009652098146557141,0.011579181141946003,0.021231279288503144,-0.11441972615574816,0.1415061910730365,0.25592591722878466,-1.7614692943258667,2.17846012140312,3.9399294157289866,-0.012609337530563352,0.010596280697724919,0.02320561822828827,-0.14984409071159088,0.1320457166492055,0.2818898073607964,-2.306820454764628,2.032817968889575,4.339638423654202
earnings_announcement_return2,0.003383889482130146,0.10253441563232119,1.5784972645549935,0.08382337170126676,-0.000666066522509967,0.007430605973921152,0.00809667249643112,-0.01913448614559282,0.24551534996580712,0.2646498361113999,-0.2945716699434018,3.7796607698725233,4.074232439815925,-0.0011747962828239486,0.007734233801530507,0.008909030084354456,-0.0357520510453558,0.2529809120313415,0.28873296307669727,-0.550395829822579,3.8945916369978524,4.444987466820431,-0.0017376996956065874,0.007354203949189354,0.00909190364479594,-0.049750118357682706,0.23821074233140221,0.28796086068908494,-0.7658933369308123,3.667207764718603,4.433101101649415
earnings_announcement_return3,0.00039892439614554366,0.008698314513342707,0.13390884983229348,-0.02816235059235118,-0.0063998189853648225,0.006275338658664665,0.012675157644029487,-0.12047369050113445,0.15447759838586977,0.2749512888870042,-1.8546688907732998,2.3781523987176807,4.23282128949098,-0.006107981594882541,0.005495975009314697,0.011603956604197238,-0.1156263272084736,0.1388428989587804,0.254469226167254,-1.7800446814228787,2.137459260461567,3.917503941884446,-0.006256735249536248,0.005767055418582661,0.012023790668118909,-0.12513859199639618,0.14629743780571805,0.27143602980211423,-1.9264841364571887,2.252220427293641,4.17870456375083
intraday_momentum_21,0.010660816379890437,0.16204993476843257,2.4947270355598867,0.032291987310164236,0.0032326766907005327,0.01767174550945443,0.014439068818753897,0.04587919580144652,0.27897031917983894,0.23309112337839244,0.706301241646105,4.294693474398654,3.5883922327525495,0.0026770506923653333,0.01855569060688885,0.01587863991452352,0.03925658402720862,0.30216308441506584,0.26290650038785723,0.604347429305374,4.651741556796186,4.047394127490812,0.0027978867899998597,0.018640649716070868,0.015842762926071008,0.0393362124788387,0.2906648848100676,0.2513286723312289,0.6055732937363913,4.4747290238640165,3.869155730127625
market_correlation_252,0.002740021467222346,0.042987993160221415,0.661791742739775,-0.03091877462592332,-0.0029384851520981524,0.007947756209114996,0.01088624136121315,-0.0434094268752466,0.13925224376123008,0.18266167063647668,-0.6682796323157391,2.14376104359401,2.812040675909749,-0.0033451408136550885,0.008500345678305312,0.011845486491960402,-0.04624773692097209,0.1447266003322881,0.19097433725326018,-0.7119748600644634,2.228037691774271,2.940012551838734,-0.003050387117234143,0.008594490953705796,0.011644878070939939,-0.04565729834869314,0.1421117803430699,0.18776907869176304,-0.7028851737822287,2.1877830497125705,2.8906682234947993
operating_income_to_revenue_ttm,0.002479330001259665,0.036510724648611,0.562075461486183,-0.013448941848841437,-0.004356483742512795,0.009751239309377947,0.01410772305189074,-0.06573803969802036,0.15733346763870007,0.22307150733672043,-1.012024257422333,2.4221179470237693,3.4341422044461023,-0.004233966670375452,0.009040280189334874,0.013274246859710325,-0.0633474130106813,0.13988898359589386,0.20323639660657516,-0.9752210273725451,2.153563528750351,3.128784556122896,-0.005609201376058438,0.007751266064389118,0.013360467440447556,-0.07814915977801762,0.12157059875084518,0.1997197585288628,-1.2030910224253193,1.8715555786327698,3.074646601058089
operating_income_to_revenue_yoy_chg,0.0008760755350800896,0.021372193828307583,0.32902074184044305,-2.912232600404488e-05,-0.0039921720073167345,0.005322988407525766,0.0093151604148425,-0.09344046128309812,0.14856434789596148,0.2420048091790596,-1.4384976168687813,2.287119064540211,3.7256166814089924,-0.004220921885791707,0.006092448378710759,0.010313370264502467,-0.09743945258156353,0.15791035506743287,0.2553498076489964,-1.5000613053794032,2.4309990161028217,3.931060321482225,-0.00533168935445985,0.005379730809100648,0.010711420163560498,-0.12005648142975357,0.14006456077533688,0.26012104220509047,-1.8482460387595547,2.1562665050706427,4.004512543830197
price_delay_three_252,0.003975852075645026,0.08480324951730804,1.3055294318783737,0.11298790518924577,-0.0014271263847626427,0.009861684985375808,0.01128881137013845,-0.03072975348747302,0.21486859036770412,0.24559834385517715,-0.4730785416904933,3.3078599028685,3.7809384445589935,-0.002065773851385524,0.010725586876563411,0.012791360727948935,-0.04476246114096218,0.22346050058833886,0.26822296172930105,-0.6891093300724402,3.440130679435923,4.129240009508363,-0.001821471861028246,0.011297539816854345,0.01311901167788259,-0.040380341751469664,0.23920369585719786,0.2795840376086675,-0.6216474595715965,3.682494089945434,4.3041415495170305
price_delay_two_252,0.0051992885659100305,0.1107024165249328,1.704242039968781,0.09650271872537024,-0.000263084323532367,0.010997097167473002,0.01126018149100537,-0.006032656020521053,0.24633977806121654,0.2523724340817376,-0.09287155895578122,3.792352679075895,3.885224238031676,-0.0007583525270637173,0.011751533968563066,0.012509886495626784,-0.016531650832286506,0.25345921302946056,0.2699908638617471,-0.2545015296221841,3.901954987269163,4.156456516891347,-0.0007291280185722089,0.012047167585334261,0.01277629560390647,-0.014233920179817528,0.26037046736019465,0.27460438754001215,-0.21912841585117104,4.008352395285099,4.22748081113627
tax_yoy_chg_to_asset,0.008869879169073332,0.20258367502862037,3.118736035155924,0.05702092915434241,0.00396372614213062,0.013278129789665485,0.009314403647534865,0.08674612366704944,0.32257037127960253,0.2358242476125531,1.3354395992288048,4.965907744743973,3.630468145515168,0.003852871848530407,0.014110179535144799,0.010257307686614392,0.08417701070068034,0.3299184557146306,0.24574144501395023,1.295888607839841,5.079030066735874,3.783141458896033,0.0033800958723371453,0.013335365530972147,0.009955269658635002,0.08042279764058104,0.3243326303768238,0.24390983273624278,1.2380932324102536,4.99303737870391,3.7549441462936564
book_value_plus_rdexp_to_total_mktcap_ttm,0.006778611813735687,0.08544321725945148,1.3153816100387221,-0.05910160414718398,-0.0031732874059720614,0.016822033417495923,0.019995320823467985,-0.0406263154095506,0.21300741966728542,0.253633735076836,-0.6254341759052189,3.279207544132525,3.904641720037744,-0.0030215716176331775,0.016652904700909705,0.019674476318542883,-0.039374773234576395,0.21303016168115804,0.25240493491573446,-0.6061669290253406,3.2795576529858987,3.8857245820112394,-0.0031452229262545813,0.016043171251918214,0.019188394178172793,-0.04139044716898529,0.20528441405605574,0.24667486122504104,-0.6371978348151454,3.1603133839981976,3.797511218813343
contributed_capital_to_total_mktcap_mrq,0.00693624164987044,0.10200449429538286,1.5703392292687144,-0.014985292114454622,-0.0015137331716374462,0.015864273960565074,0.01737800713220252,-0.02512971021138502,0.22108208113607702,0.24621179134746204,-0.3868669712808793,3.403515377381417,3.790382348662296,-0.002114264841082489,0.016061492606196895,0.018175757447279384,-0.034280291417183424,0.23052365361998695,0.26480394503717036,-0.5277383783432313,3.5488665382286406,4.076604916571872,-0.001005029424346988,0.016391968713029427,0.017396998137376416,-0.016584013740907462,0.23646640495881088,0.25305041869971834,-0.25530764635394293,3.640354032202391,3.895661678556334
expected_shortfall_252,0.004485575955419192,0.052129941702443894,0.8025302516356296,-0.06572282785729912,-0.004496270352732992,0.014103454578175209,0.018599724930908203,-0.054634751729797405,0.17891749682376196,0.23355224855355936,-0.8410913118613546,2.7543998527291502,3.5954911645905048,-0.004532903934114869,0.013201594696060451,0.01773449863017532,-0.05336472717515964,0.15990105093312093,0.21326577810828057,-0.8215395323632184,2.461645389412418,3.2831849217756366,-0.005518122468334367,0.012279783971875262,0.017797906440209628,-0.06348954658996181,0.14545677493324266,0.20894632152320447,-0.9774091460126343,2.239278586874188,3.216687732886822
firm_age,0.004138864295880917,0.08123155831352467,1.2505439447105902,-0.02815093244554034,-0.0014018184613965527,0.010003656328225757,0.011405474789622309,-0.03178270349300166,0.17849976310819218,0.21028246660119385,-0.48928850098260257,2.7479689239207805,3.237257424903383,-0.0014922893954266536,0.009567157146238493,0.011059446541665147,-0.03186421291153055,0.17615065227445537,0.20801486518598591,-0.49054332253095645,2.7118048223133084,3.2023481448442648,-0.0009042918825503288,0.009610003955442837,0.010514295837993166,-0.017760019990309305,0.17289148291980014,0.19065150291010943,-0.27341203244063,2.661630547858058,2.9350425802986884
long_term_reversal_756,0.0074976779375053575,0.11667313814928666,1.796160131014994,0.002150888447495331,0.0013096890530518164,0.013372230215350228,0.012062541162298412,0.02053673690127363,0.21070262909229606,0.19016589219102242,0.31615904593235306,3.2437257442358085,2.9275666983034556,0.0010842471293653559,0.013313573537793331,0.012229326408427976,0.018856210755090842,0.21465404581977776,0.19579783506468693,0.29028767476001394,3.304557031535607,3.014269356775593,0.002994780336875181,0.014216598671800163,0.011221818334924982,0.04723910280368943,0.22633502598872737,0.17909592318503795,0.7272367438367761,3.4843834354830037,2.7571466916462275
momentum_acceleration_252_21,0.005519186735844914,0.09682140579256117,1.4905465960031332,0.04126062627418679,-0.0014414897999095347,0.01329443655730652,0.014735926357216055,-0.030211857996836976,0.22461459279447712,0.2548264507913141,-0.4651056419548005,3.4578977031147438,3.923003345069544,-0.0017491569342293596,0.013820251951288668,0.015569408885518027,-0.03524579671565001,0.22933284621536051,0.2645786429310105,-0.5426021434814454,3.530534291253584,4.07313643473503,-0.0016306109888769731,0.01418091281862072,0.015811523807497695,-0.027671533228809365,0.23249529347613385,0.26016682670494323,-0.4259978392459813,3.579219548000263,4.005217387246244
net_cash_flow_to_asset_yoy_chg,0.004233838034344092,0.12482221986905723,1.9216136494650284,0.05976089404496451,-0.00015788988844255388,0.008914916935550073,0.009072806823992627,-0.0049203491312188215,0.2463578423414237,0.2512781914726425,-0.0757478120530312,3.792630775134835,3.868378587187866,0.00025983203276008044,0.00844510442654801,0.00818527239378793,0.007724349424520264,0.23870345905840704,0.23097910963388676,0.1189148478769767,3.674793042315216,3.555878194438239,-0.0001158301732763812,0.00894595007728997,0.009061780250566353,-0.003401904250327159,0.24280009191674304,0.2462019961670702,-0.05237165024351797,3.737859903533383,3.790231553776901
net_operating_asset_to_asset_yoy_chg,0.0011873740393343502,0.03349501498132195,0.51564920127734,-0.05027289711099882,-0.0025334182763598737,0.005072380131557989,0.007605798407917863,-0.07864536751913755,0.13268180089799636,0.2113271684171339,-1.2107300435011066,2.0426103614296887,3.2533404049307952,-0.0027617548485197535,0.0052134978162128994,0.007975252664732653,-0.0830619823070192,0.14066831707652847,0.22373029938354766,-1.278722963910034,2.1655612151834527,3.4442841790934864,-0.003052918740882879,0.005075405252336751,0.00812832399321963,-0.0872596589573885,0.13072287025853435,0.21798252921592287,-1.343345374534137,2.012453007561969,3.355798382096106
retained_earnings_to_total_mktcap_mrq,0.0043265787997753165,0.05957366886288909,0.9171249746698009,0.07042693950751396,-0.004425648557460673,0.013298321865545979,0.017723970423006653,-0.06224909277395622,0.18995809774496458,0.2522071905189208,-0.958312602249289,2.9243677434679567,3.8826803457172456,-0.004036528585671963,0.012990015950403175,0.01702654453607514,-0.058522299479221704,0.18806313974619154,0.24658543922541326,-0.9009393487419473,2.895195235885371,3.7961345846273185,-0.005778904129454064,0.011435547484759181,0.017214451614213245,-0.0820017144266152,0.16529709976773735,0.24729881419435257,-1.2624003473661929,2.5447165053135485,3.8071168526797416
revenue_to_net_operating_asset_ttm,0.0025485988941653295,0.052326292142614514,0.8055530282398765,0.05946122685435481,-0.0019817418227892243,0.007043838942164331,0.009025580764953555,-0.04277839213261071,0.14298839336553398,0.18576678549814468,-0.6585649759347852,2.201278335656314,2.8598433115910993,-0.001992137491950263,0.007589949077488414,0.009582086569438677,-0.03943235240137589,0.1572886854575217,0.19672103785889758,-0.6070533490310318,2.4214285341075796,3.0284818831386113,-0.0015975518446404084,0.007960133208984884,0.009557685053625293,-0.03416330491067982,0.1681112334302038,0.2022745383408836,-0.5259373939677221,2.588039542372875,3.113976936340597
revenue_to_net_operating_asset_yoy_chg,0.002309955290505321,0.06945732440724808,1.0692819177250905,0.019546273425898732,-0.0017770662669248233,0.006008955721443395,0.007786021988368219,-0.04748888584591649,0.21951032395597198,0.26699920980188846,-0.7310821048939015,3.379318483157753,4.110400588051655,-0.0014200944620020497,0.005984753494328603,0.007404847956330653,-0.041041617579932965,0.2003569137671544,0.24139853134708736,-0.6318276715512376,3.0844554812719944,3.716283152823232,-0.001838801932821824,0.005845871653112972,0.007684673585934796,-0.047253909190542974,0.19308741828262174,0.24034132747316472,-0.7274646852650479,2.9725430207945527,3.7000077060596004
similar_stock_momentum_21,0.004560986206549362,0.06618592010299648,1.0189192886149596,-0.12253474314649052,-0.0021823622697702133,0.010937692618228837,0.01312005488799905,-0.030048626520447545,0.17571565428857042,0.20576428080901796,-0.46259272531719126,2.7051081134417365,3.1677008387589276,-0.002457496724958764,0.011849012239265254,0.014306508964224019,-0.03305963129624288,0.18144067674484915,0.21450030804109205,-0.5089465546421497,2.7932437138742543,3.302190268516404,-0.0030469707273265497,0.010868238307663985,0.013915209034990534,-0.04262918047580134,0.16356629756514537,0.2061954780409467,-0.6562678916761895,2.5180711440908925,3.174339035767082
systematic_volatility_risk_252,0.0023013110577918246,0.03549347549005482,0.5464151097472141,-0.05612477163283021,-0.004121534177801641,0.008491510585417469,0.01261304476321911,-0.06680777860773815,0.1270441198634358,0.19385189847117396,-1.0284926786091535,1.955819365093409,2.9843120437025625,-0.0036301131090906535,0.008026842531938078,0.011656955641028732,-0.05931284754590677,0.1186940559127362,0.17800690345864298,-0.9131096815328065,1.8272717645267582,2.7403814460595646,-0.004670277384265848,0.006727143066419568,0.011397420450685416,-0.0746638626874579,0.10196833124607767,0.17663219393353558,-1.1494355557248703,1.5697825062011066,2.719218061925977
tail_beta_252,0.007048264250928277,0.11470209249875911,1.7658162689226056,-0.0871852047654432,0.001206315535424305,0.014135072139821753,0.012928756604397448,0.0193746088625948,0.2229735767700164,0.2035989679074216,0.29826831218403543,3.4326345825349094,3.134366270350874,0.000454483881442919,0.0131855043985101,0.012731020517067182,0.007919434756773152,0.21656626211505733,0.2086468273582842,0.12191814839238838,3.333995227215778,3.2120770788233894,-0.0002817497279622549,0.013725124866496725,0.01400687459445898,-0.004990821390601639,0.21018523508291415,0.2151760564735158,-0.076832718696101,3.235760564705892,3.3125932834019927
tail_risk_756,0.003328981455346713,0.049730023071977915,0.7655839739396658,-0.019224747743885454,-0.004315862902554154,0.011609459188438294,0.01592532209099245,-0.05985979403893038,0.1849076856338147,0.2447674796727451,-0.9215298157655074,2.846617637289827,3.7681474530553345,-0.004625938634402928,0.011539721596256297,0.016165660230659226,-0.06704885650253843,0.18204298060418614,0.24909183710672456,-1.0322040256250815,2.8025160639289286,3.8347200895540103,-0.005782069943298199,0.010809823708717593,0.016591893652015792,-0.0762040919630756,0.16396707012242698,0.24017116208550257,-1.1731470840283844,2.5242409591864035,3.697388043214788
total_asset_to_total_mktcap_mrq,0.0025219419627061567,0.03341762732444458,0.514457833443058,-0.049584611644365506,-0.006269661579695707,0.011938977947394592,0.0182086395270903,-0.08723623272449986,0.15721050131941686,0.2444467340439167,-1.3429847322629005,2.4202249046006576,3.763209636863558,-0.007467844019218881,0.012247473772675979,0.01971531779189486,-0.10135387030381496,0.1635709669211359,0.26492483722495086,-1.560323000233709,2.518143027912659,4.078466028146368,-0.007672804376845533,0.011338962122996014,0.019011766499841546,-0.1024647066070302,0.1447150985109856,0.2471798051180158,-1.5774241077514166,2.227860623486014,3.805284731237431
total_liab_to_total_mktcap_mrq,0.0010338764298006978,0.014341003867471865,0.2207769482682959,-0.02962317154901327,-0.006668068335102003,0.00886250656895297,0.015530574904054973,-0.09763978824273133,0.12801467889713367,0.22565446713986498,-1.5031454336810668,1.9707609314965857,3.4739063651776525,-0.0077396785252302185,0.009436293871988332,0.01717597239721855,-0.10993742952034118,0.1312376833475676,0.24117511286790877,-1.6924652147270196,2.020378454328157,3.7128436690551765,-0.008375648256570771,0.009217382752502253,0.017593031009073022,-0.12185995655129876,0.11647621801844589,0.23833617456974465,-1.8760101853487383,1.7931285841343583,3.6691387694830966
two_year_capital_exp_yoy_pct_chg,0.001666532687207641,0.04360332058460247,0.67126458802983,0.09123610943230241,-0.0019680665714625735,0.005212754614099097,0.007180821185561671,-0.05259508178086624,0.14290499768869563,0.19550007946956188,-0.8096909921235592,2.1999944755303926,3.0096854676539517,-0.002286199268809997,0.005573967406182971,0.007860166674992968,-0.05776123687904867,0.14951514830630755,0.2072763851853562,-0.8892229389382759,2.3017564508032864,3.190979389741562,-0.0015025334788202102,0.006090967087656629,0.00759350056647684,-0.039885922562657466,0.16318002405402174,0.2030659466166792,-0.6140359729086,2.5121245389737856,3.126160511882386
value_at_risk_252,0.00501858042823436,0.0578989821262467,0.891343500064671,-0.030022170614981192,-0.004880150518388193,0.015022524232318594,0.019902674750706787,-0.05668966860266763,0.18859945174396997,0.2452891203466376,-0.872726355009648,2.903451654144748,3.776178009154396,-0.004751800866468996,0.014386131416991353,0.01913793228346035,-0.053328986930143506,0.17512738558491867,0.22845637251506218,-0.8209893182849053,2.6960518318624143,3.5170411501473193,-0.005674441013600436,0.012797636324210462,0.018472077337810897,-0.064907625807257,0.15587835584119814,0.22078598164845514,-0.9992401980707991,2.399716785639918,3.3989569837107174
altman_zscore,0.0003764895136357448,0.0054064682912472965,0.08323152139706569,-0.019539853622757775,-0.007861612917723242,0.00805974701658476,0.015921359934308002,-0.10842269224189262,0.12209368228920148,0.23051637453109408,-1.6691461307316082,1.8796083473479106,3.548754478079519,-0.007820779304306611,0.008868329966824701,0.016689109271131312,-0.10605692244005381,0.14363293214703604,0.24968985458708987,-1.6327255675700598,2.2112008840731203,3.8439264516431804,-0.007188703904130009,0.009249333909071364,0.016438037813201373,-0.0972280305858615,0.14829004869987447,0.245518079285736,-1.4968065051269779,2.282896282091773,3.779702787218751
ohlson_score,0.0008027939885789254,0.014715632998966032,0.2265442904395985,0.05400869172825228,-0.006534503215276144,0.008435258424259594,0.014969761639535738,-0.10740361076318103,0.18521809957338908,0.29262171033657014,-1.653457570782398,2.8513963991472595,4.504853969929657,-0.006046198713811772,0.007209683900930319,0.01325588261474209,-0.10587908089465946,0.14915891015844723,0.2550379910531067,-1.6299877317790428,2.296272234226249,3.9262599660052917,-0.007266641621289817,0.006613348030093459,0.013879989651383276,-0.11967226727942876,0.13116623811516526,0.250838505394594,-1.8423311370989666,2.0192785689558446,3.861609706054811
aqr_profitability,0.0016565146691834697,0.026322166755971897,0.4052246064429189,0.06006384262768636,-0.005822535479882701,0.009680790884381698,0.015503326364264398,-0.09042072417501262,0.18739604500218754,0.27781676917720016,-1.3920093549969734,2.8849254428396356,4.276934797836609,-0.005849141649517857,0.00926964051837611,0.015118782167893967,-0.0926679389984859,0.17069820620949017,0.2633661452079761,-1.4266047874656187,2.6278654820868623,4.054470269552481,-0.006927043438236641,0.007668482599405165,0.014595526037641807,-0.10997295053445688,0.13466116731492755,0.24463411784938444,-1.6930120537885196,2.0730823200926394,3.7660943738811588
aqr_growth,0.0003717480988053651,0.006842429216041313,0.10533785884305305,0.004273406514563041,-0.005329199071076755,0.006866463062951522,0.012195662134028278,-0.09947633961098049,0.13442026461457568,0.23389660422555617,-1.5314187826158436,2.0693736701609633,3.600792452776807,-0.005422130335870631,0.007008363722123869,0.012430494057994498,-0.10056746928920299,0.13737018012822227,0.23793764941742526,-1.548216510498013,2.1147870422491897,3.6630035527472025,-0.006170158623146215,0.006250474420960692,0.012420633044106908,-0.11845305359939645,0.11838652522337921,0.23683957882277568,-1.8235615810726251,1.8225373897422228,3.646098970814848
aqr_quality,0.0015738902083518463,0.025183020495654646,0.3876876726753653,0.060865029481908535,-0.005718777750094574,0.009782985974095871,0.015501763724190445,-0.08238094702002327,0.1978448996236334,0.2802258466436567,-1.2682385589328466,3.0457835150875847,4.314022074020431,-0.005871493232441025,0.009596432537680262,0.015467925770121287,-0.0876620266214323,0.17372805505848873,0.26139008167992106,-1.3495397459861191,2.6745094122313446,4.024049158217464,-0.0067285412341402465,0.008127883881427609,0.014856425115567855,-0.10299356449535516,0.14560688107358377,0.24860044556893893,-1.5855657714543898,2.2415894415317212,3.827155212986111
aqr_safety,0.00038927447988877493,0.008351036181574218,0.12856256787071782,0.006441134577829696,-0.004109124172069019,0.005424372907887695,0.009533497079956713,-0.08528261955559444,0.12542735043043243,0.21070996998602687,-1.3129092398138682,1.9309295160444475,3.2438387558583157,-0.004477799159009246,0.004949319341266254,0.0094271185002755,-0.09831361015234948,0.11166846014406351,0.20998207029641297,-1.5135187901250493,1.7191140924482797,3.232632882573329,-0.00501873927688442,0.0038033142178705215,0.008822053494754942,-0.10251814648868166,0.09178911468901926,0.19430726117770092,-1.578246804272236,1.4130754591911792,2.991322263463415
beneish_score,0.004132331735010192,0.11115874699561541,1.711267158269436,0.05866085920786326,-0.00215893831190247,0.009279531553248455,0.011438469865150925,-0.059450994922705114,0.2776035969847415,0.33705459190744663,-0.9152364333657088,4.273653053647596,5.188889487013305,-0.0013415280668097346,0.009897212103856004,0.011238740170665739,-0.03616495870553671,0.27950392527276974,0.31566888397830645,-0.5567524624526079,4.302908235782399,4.8596606982350075,-0.0020810034325856935,0.009135966876209494,0.011216970308795187,-0.05212517804800745,0.25915770011615685,0.31128287816416433,-0.8024569161077405,3.989682080879443,4.792138996987183
gmo_score,0.002632120006918197,0.04802218389144423,0.7392921239481545,0.04714524267584028,-0.0046285181337256355,0.010285513964824822,0.014914032098550457,-0.08513068898874643,0.19983037153890418,0.2849610605276506,-1.3105702984672682,3.0763494667027387,4.386919765170007,-0.004190837868337841,0.009729990066020641,0.013920827934358483,-0.0765032020226538,0.1925963357683489,0.2690995377910027,-1.1777518248652383,2.964982901583164,4.142734726448403,-0.005517867009996196,0.007461605672121046,0.012979472682117242,-0.10467785891398956,0.14422807679860455,0.24890593571259412,-1.6114951544437401,2.220363019525124,3.831858173968864
buffett_zscore,0.00955073156960666,0.1321339902436816,2.034176923603011,-0.04466748248857764,0.0019473903782743045,0.01754630053760041,0.015598910159326105,0.02684251397665004,0.24883137264550959,0.22198885866885953,0.41323525008285134,3.830710290141723,3.4174750400588714,0.0016415997090485858,0.01759621570436951,0.015954615995320925,0.022491286042363286,0.24999038632407872,0.22749910028171544,0.34624894749000923,3.848553078925575,3.5023041314355656,0.0005046713945117592,0.01587245173670867,0.015367780342196909,0.007410029277877191,0.2197317576250927,0.21232172834721552,0.11407595072609446,3.382727411163359,3.2686514604372645
change_in_net_working_capital,0.004556130584943493,0.1393515914754946,2.1452904822145866,0.004108998245210849,0.0011374194049929654,0.00770378376512891,0.006566364360135945,0.03608565665826437,0.24660384302287405,0.21051818636460967,0.5555316229528064,3.796417907487942,3.2408862845351356,0.0012435071257506415,0.007957061364549954,0.006713554238799313,0.03570621792218115,0.2539467739651696,0.21824055604298848,0.5496902378600067,3.909460892467671,3.359770654607664,0.0011988559023467375,0.007948413728755682,0.0067495578264089445,0.03425140576972499,0.24678246919877472,0.21253106342904973,0.5272936894530001,3.799167822512066,3.271874133059066
change_in_net_non_current_operating_assets,0.0017187329198956021,0.031679672672188776,0.4877023616574301,-0.04851456366311177,-0.0031784345095562656,0.0068613655665615714,0.010039800076117837,-0.061456394462711436,0.12588359022617734,0.1873399846888888,-0.9461091668641965,1.9379532384221798,2.884062405286376,-0.004212145460317609,0.00728117287530443,0.01149331833562204,-0.08175259213911208,0.1389706191076952,0.22072321124680727,-1.2585651584987447,2.13942548716162,3.397990645660365,-0.004067314428339272,0.007157941236216338,0.01122525566455561,-0.07448028729160172,0.12889021290943162,0.20337050020103334,-1.1466094484280027,1.9842396062899639,3.1308490547179666
change_in_non_current_operating_assets,0.002545669400063827,0.042284713979531645,0.6509648973718931,-0.05762186594400453,-0.0028054167378936713,0.008315295303893641,0.011120712041787313,-0.049940544143938,0.1352623946961553,0.1852029388400933,-0.7688249046473787,2.0823380979774693,2.851163002624848,-0.003739065082724696,0.00823866944327849,0.011977734526003187,-0.07031460315437293,0.1354758701717606,0.20579047332613354,-1.0824795562833498,2.0856245111511775,3.1681040674345273,-0.0032138158952984934,0.009017306967958558,0.012231122863257051,-0.05708525181182848,0.1453480681122603,0.2024333199240888,-0.8788162811063006,2.2376050666370957,3.116421347743396
change_in_net_financial_assets,0.0026129324493999366,0.05470990974720186,0.8422483548322506,-0.044369871885320954,-0.0014240542388376132,0.0065549292522752885,0.007978983491112902,-0.03090738825266325,0.13981510994697188,0.17072249819963514,-0.4758131941407313,2.1524262583809155,2.6282394525216466,-0.0015935486538242068,0.006502682925561951,0.008096231579386158,-0.037145049791587476,0.13950172559727345,0.17664677538886092,-0.5718407729365094,2.147601767640878,2.719442540577387,-0.0013861592567657145,0.0070802680716426335,0.008466427328408348,-0.03173599823927124,0.14179636191435585,0.1735323601536271,-0.4885694827407842,2.182927244724119,2.6714967274649033
change_in_net_operating_assets,0.0027609125218586625,0.05233658104949874,0.8057114239480088,-0.006337422518619164,-0.002572077203518415,0.00790958588004462,0.010481663083563035,-0.051643940666722364,0.14533625347261475,0.19698019413933712,-0.7950483607921858,2.2374231825716615,3.0324715433638474,-0.003275378934820253,0.008680094598783826,0.011955473533604079,-0.0669842570279451,0.16079219205575135,0.22777644908369643,-1.0312095293546495,2.4753643326153405,3.50657386196999,-0.0031699585522650276,0.00826130252414818,0.011431261076413207,-0.06409149866598063,0.145129051542751,0.20922055020873162,-0.9866760804319629,2.2342333494070266,3.2209094298389895
total_accruals,0.0016241438328382493,0.039716145989840676,0.6114222957922469,0.08872574893801352,-0.002588105439288413,0.00581393711600996,0.008402042555298373,-0.06624564439219155,0.1453383884156228,0.21158403280781435,-1.0198387323601696,2.2374560496015006,3.2572947819616704,-0.0027341165808750954,0.006133230523384786,0.008867347104259881,-0.06758883743714479,0.15321428616699617,0.22080312360414095,-1.040516926448981,2.358703954315153,3.399220880764134,-0.0024022063249469583,0.006159748601503036,0.008561954926449995,-0.06050232911018369,0.15240514108316733,0.21290747019335102,-0.9314215174551232,2.346247324084461,3.277668841539584
operating_leverage,0.0014763431898459551,0.03802441048462724,0.5853783587310971,0.05911464844564221,-0.003053850063514054,0.005407875225206415,0.00846172528872047,-0.08264437906865443,0.13226894563990516,0.2149133247085596,-1.272294043772703,2.036254535519577,3.30854857929228,-0.0031929529064652316,0.0064269498297469495,0.009619902736212181,-0.09253574208075586,0.14777851898100475,0.24031426106176063,-1.4245696417856772,2.2750213821667584,3.6995910239524354,-0.0027811909478518693,0.006482960777947895,0.009264151725799764,-0.08281337809093553,0.1495930440550593,0.23240642214599483,-1.2748957506507117,2.302955640612551,3.5778513912632626
changes_in_long_term_net_operating_assets,0.002380453422532668,0.0572320365244741,0.8810760030344038,-0.08727419213149865,-0.0019260330522627353,0.007140685548852591,0.009066718601115326,-0.05670823266742403,0.15349428821398634,0.21020252088141037,-0.873012145153926,2.3630145310373014,3.2360266761912273,-0.002103620245725264,0.006693704875512745,0.00879732512123801,-0.056167333575656044,0.1525699569007617,0.20873729047641773,-0.8646851094801895,2.3487846313448935,3.213469740825083,-0.0018767094796545212,0.007183334554961752,0.009060044034616273,-0.053640552737919324,0.15777865328256863,0.21141920602048794,-0.8257858129278999,2.4289714928964603,3.25475730582436
alpha_momentum_ff3_252,0.001018948327665314,0.01720698923795863,0.26489823222616665,-0.042343227107775605,-0.006395992993823277,0.009247894863764225,0.015643887857587503,-0.11672333430757734,0.15921504772612155,0.2759383820336989,-1.7969328910494111,2.451084504278909,4.24801739532832,-0.007069706207513003,0.008632514229790148,0.01570222043730315,-0.12350166180806649,0.14373808363696222,0.2672397454450287,-1.9012839165250688,2.212819670684316,4.114103587209385,-0.007176894438319352,0.008295988115859456,0.015472882554178807,-0.1277771017858459,0.14143564892361132,0.2692127507094572,-1.9671034783577934,2.1773741388165244,4.144477617174318
information_discreteness,0.001400516945605207,0.028017509470461506,0.4313240757850109,0.013277650612354431,-0.0034391190175434706,0.006100467566215783,0.009539586583759254,-0.06997128311255758,0.1402756359291696,0.2102469190417272,-1.077194211421038,2.1595159657603613,3.2367101771813993,-0.0041635155227202425,0.006919538606934044,0.011083054129654286,-0.08176366402132004,0.14753254298625423,0.22929620700757428,-1.2587356079587724,2.2712346298605643,3.5299702378193367,-0.004570715450949886,0.0068413101093452635,0.01141202556029515,-0.08897460301889717,0.13735948236003354,0.2263340853789307,-1.3697466027779635,2.114622352201281,3.484368954979244
payout,0.0054497204039526265,0.1356314156475598,2.088019103313709,0.09331658387373035,0.0006917506555105392,0.010105754277800269,0.009414003622289729,0.019068253943982105,0.24847686701858931,0.22940861307460722,0.2935520381600319,3.8252527453855345,3.5317007072255024,0.0007561168620975414,0.010104915383896322,0.00934879852179878,0.01872453829837567,0.26260033714428005,0.24387579884590438,0.28826060305476875,4.042680804266473,3.754420201211704,0.0004299092508215923,0.01044232808243022,0.010012418831608628,0.010201830006652044,0.25430529201256763,0.2441034620059156,0.1570551766413841,3.9149802076519564,3.7579250310105725
